KYC对账号,发行人,信用主体简称,信用主体,KYC expiry date,KYC Status
1123,"NANNING COMMUNICATIONS INVESTMENT GROUP CO., LTD.",南宁交投,南宁交通投资集团有限责任公司,20/5/2024,Existing
1122,CHINA INDUSTRIAL SECURITIES INTERNATIONAL FINANCIAL GROUP LIMITED,兴业证券,兴业证券股份有限公司,2/2/2024,Existing
1121,"HUATONG INTERNATIONAL INVESTMENT HOLDINGS CO., LIMITED",青岛华通,青岛华通国有资本投资运营集团有限公司,25/2/2024,Existing
1120,"JI’AN CHENGTOU HOLDING GROUP CO., LTD.",吉安城投,吉安城投控股集团有限公司,8/1/2027,Existing
1119,"UETD CONSTRUCTION & DEVELOPMENT STATE-OWNED CAPITAL INVESTMENT OPERATION (GROUP) CO., LTD.",乌经开建发,乌鲁木齐经济技术开发区建发国有资本投资运营(集团)有限公司,29/12/2026,Existing
1118,"CHENGDU YUNLAI INVESTMENT GROUP CO., LTD.",成都沄崃,成都市沄崃投资集团有限公司,14/12/2026,Existing
1117b,"GOLDEN DRAGON MOUNTAIN TRADING (BVI) CO., LIMITED",济南章丘,济南章丘控股集团有限公司,5/12/2026,Existing
1117a,"JINAN ZHANGQIU HOLDING GROUP CO., LTD.",济南章丘,济南章丘控股集团有限公司,14/12/2026,Existing
1116,"NANPING WUYI GROUP CO., LTD.",南平武夷,南平武夷集团有限公司,27/11/2026,Existing
1115,XI’AN KINGFAR INTERNATIONAL (SINGAPORE) PTE. LTD.,西安经发,西安经发控股(集团)有限责任公司,23/11/2026,Existing
1114,JINAN SHUNTONG INTERNATIONAL CO. LIMITED,济南轨交,济南轨道交通集团有限公司,13/11/2026,Existing
1113,"DUJIANGYAN URBAN AND RURAL CONSTRUCTION GROUP CO., LTD.",都江堰城投,都江堰市城乡建设集团有限公司,1/11/2026,Existing
1112,"JINAN HI-TECH INTERNATIONAL (CAYMAN) INVESTMENT DEVELOPMENT CO., LIMITED",济南高新控股,济南高新控股集团有限公司,13/10/2026,Existing
1111,"JINAN LIXIA HOLDING GROUP CO., LTD.",济南历下,济南历下控股集团有限公司,,Suspend
1110,"CHANGDE URBAN CONSTRUCTION AND INVESTMENT GROUP CO., LTD.",常德城投,常德市城市建设投资集团有限公司,26/9/2026,Existing
1109,SHANGRAO CITY CONSTRUCTION INVESTMENT DEVELOPMENT GROUP COMPANY LIMITED,上饶城投,上饶市城市建设投资开发集团有限公司,28/9/2026,Existing
1108,"JINSHINE INTERNATIONAL CO., LTD",徐州经开国资,徐州经济技术开发区国有资产经营有限责任公司,19/9/2026,Existing
1107,PINGLING GROUP OVERSEAS LIMITED,江苏平陵建投,江苏平陵建设投资集团有限公司,19/9/2026,Existing
1106,"ZIBO CAIJIN HOLDING GROUP CO., LTD.",淄博财金,淄博市财金控股集团有限公司,12/9/2026,Existing
1105,"HAINAN STATE FARMS INTERNATIONAL CAPITAL (HK) CO., LIMITED",海南农垦,海南省农垦投资控股集团有限公司,27/1/2024,Existing
1104,"FUJIAN ZHANGLONG GROUP CO., LTD.",福建漳龙,福建漳龙集团有限公司,11/1/2024,Existing
1103,"AGRICULTURAL BANK OF CHINA LIMITED, HONG KONG BRANCH",农业银行,中国农业银行股份有限公司,,Suspend
1102,HFI INTERNATIONAL (HK) LIMITED,杭州金投,杭州市金融投资集团有限公司,3/8/2026,Existing
1101,BANK OF CHINA (DUBAI) BRANCH,中国银行,中国银行股份有限公司,11/9/2026,Existing
1100,"URUMQI GAOXIN INVESTMENT AND DEVELOPMENT GROUP CO., LTD.",乌鲁木齐高新,乌鲁木齐高新投资发展集团有限公司,29/8/2026,Existing
1099,"HAIYAN COASTLINE CO., LIMITED",海盐国资,海盐县国有资产经营有限公司,28/8/2026,Existing
1098,ZHEJIANG BARON (BVI) COMPANY LIMITED,杭州上城城建综合,杭州上城区城市建设综合开发有限公司,21/8/2026,Existing
1097,YI BRIGHT INTERNATIONAL LIMITED ,临沂城投,临沂城市建设投资集团有限公司,8/8/2026,Existing
1096,"PANZHIHUA CITY CONSTRUCTION AND TRANSPORTATION (GROUP) CO., LTD.",攀枝花城建交通,攀枝花城建交通(集团)有限公司,8/8/2026,Existing
1095,"YIBIN GRACE GROUP CO., LTD.",宜宾丝丽雅,宜宾丝丽雅集团有限公司,2/8/2026,Existing
1094,PIONEER REWARD LIMITED,华泰证券,华泰证券股份有限公司,1/8/2026,Existing
1093,GANZHOU TOURISM INVESTMENT GROUP LTD.,赣州旅投,赣州旅游投资集团有限公司,19/7/2026,Existing
1092,"WUXI TAIHU NEW CITY ASSET MANAGEMENT CO., LTD.",无锡太湖新城,无锡市太湖新城资产经营管理有限公司,11/7/2026,Existing
1091,CICC HONG KONG FINANCE 2016 MTN LIMITED,中金公司,中国国际金融股份有限公司,,Suspend
1090,"CHONGQING CHIJIA TOURISM CULTURE CREATIVE DEVELOPMENT GROUP CO., LTD.",重庆赤甲旅发,重庆市赤甲旅游文化创意开发集团有限责任公司,27/6/2026,Existing
1089,LUSO INTERNATIONAL BANKING LIMITED,澳门国际银行,澳门国际银行股份有限公司,23/6/2026,Existing
1088,CMB INTERNATIONAL LEASING MANAGEMENT LIMITED,招银金租,招银金融租赁有限公司,19/6/2026,Existing
1087,CHOUZHOU INTERNATIONAL INVESTMENT LIMITED,义乌国资,义乌市国有资本运营有限公司,11/6/2026,Existing
1086,"TONGLU NEW CITY DEVELOPMENT INVESTMENT CO., LTD.",桐庐新城,桐庐新城发展投资有限公司,24/7/2023,Existing
1085e,CHINA CONSTRUCTION BANK (DIFC BRANCH),建设银行,中国建设银行股份有限公司,20/11/2026,Existing
1085d,"CHINA CONSTRUCTION BANK CORPORATION, LUXEMBOURG BRANCH",建设银行,中国建设银行股份有限公司,20/11/2026,Existing
1085c,CHINA CONSTRUCTION BANK CORPORATION HONG KONG BRANCH,建设银行,中国建设银行股份有限公司,20/11/2026,Existing
1085b,CHINA CONSTRUCTION BANK CORPORATION SYDNEY BRANCH,建设银行,中国建设银行股份有限公司,,Suspend
1085a,CHINA CONSTRUCTION BANK CORPORATION LONDON BRANCH,建设银行,中国建设银行股份有限公司,,Suspend
1084,HAITONG INTERNATIONAL FINANCE HOLDINGS LIMITED,海通证券,海通证券股份有限公司,10/5/2026,Existing
1083,SHANGRAO INVESTMENT HOLDINGS INTERNATIONAL COMPANY LIMITED,上饶投控,上饶投资控股集团有限公司,12/4/2026,Existing
1082,SCI (HK) DEVELOPMENT LIMITED,广州科学城,科学城(广州)投资集团有限公司,23/3/2024,Existing
1081,"YILI CAITONG STATE OWNED ASSETS MANAGEMENT CO., LTD",伊犁财通国资,伊犁哈萨克自治州财通国有资产经营有限责任公司,9/6/2026,Existing
1080,"KUNSHAN GUOCHUANG INVESTMENT GROUP CO., LTD.",昆山国创,昆山国创投资集团有限公司,30/5/2026,Existing
1079,"NANNING WUXIANG NEW AREA CONSTRUCTION INVESTMENT CO., LTD",南宁五象建投,南宁五象新区建设投资有限责任公司,14/4/2026,Existing
1078,GUANGZHOU DEVELOPMENT DISTRICT HOLDING GROUP LIMITED,广州开发区控股,广州开发区控股集团有限公司,30/3/2026,Existing
1077,"CHENGDU AEROTROPOLIS CITY DEVELOPMENT GROUP CO., LTD.",成都空港城发,成都空港城市发展集团有限公司,28/3/2026,Existing
1076,"QINGDAO WEST COAST NEW AREA RONGHE HOLDING GROUP CO., LTD.",青岛西海岸融控,青岛西海岸新区融合控股集团有限公司,24/3/2026,Existing
1075,"QINGDAO WEST COAST NEW AREA OCEAN HOLDING GROUP CO., LTD.",青岛西海岸海控,青岛西海岸新区海洋控股集团有限公司,28/11/2025,Existing
1074,"SHAOXING SHANGYU HANGZHOU BAY ECONOMIC DEVELOPMENT ZONE HOLDING GROUP CO., LTD.",绍兴上虞杭州湾,绍兴市上虞杭州湾经开区控股集团有限公司,17/3/2026,Existing
1073,"GUILIN ETDZ INVESTMENT HOLDING CO., LTD.",桂林经开,桂林经开投资控股有限责任公司,22/2/2026,Existing
1072,"CHENZHOU INDUSTRY INVESTMENT GROUP CO., LTD.",郴州产投,郴州市产业投资集团有限公司,27/2/2026,Existing
1071,"JINJIANG ROAD AND BRIDGE CONSTRUCTION & DEVELOPMENT CO., LTD",晋江城投,福建省晋江城市建设投资开发集团有限责任公司,27/2/2026,Existing
1070,"CHONGQING FULING INDUSTRIAL DEVELOPMENT GROUP CO., LTD",重庆涪陵实业,重庆市涪陵实业发展集团有限公司,2/3/2026,Existing
1069b,"CHINA EVERBRIGHT BANK CO., LTD., SYDNEY BRANCH",光大银行,中国光大银行股份有限公司,,Suspend
1069a,"CHINA EVERBRIGHT BANK CO., LTD., HONG KONG BRANCH",光大银行,中国光大银行股份有限公司,15/2/2026,Existing
1068,"GANZHOU URBAN INVESTMENT HOLDING GROUP CO., LTD.",赣州城投,赣州城市投资控股集团有限责任公司,15/2/2026,Existing
1067,"HUAIBEI PUBLIC UTILITY ASSETS OPERATION CO., LTD.",淮北公用,淮北市公用事业资产运营有限公司,15/2/2026,Existing
1066,"HUANTAIHU INTERNATIONAL INVESTMENT CO., LTD.",湖州经开投,湖州经开投资发展集团有限公司,10/2/2026,Existing
1065,"QINGDAO JIMO DISTRICT URBAN DEVELOPMENT INVESTMENT CO., LTD.",青岛即墨城投,青岛市即墨区城市开发投资有限公司,2/2/2026,Existing
1064,"INTERNATIONAL FAR EASTERN LEASING CO., LTD",远东租赁,远东国际融资租赁有限公司,11/1/2026,Existing
1063,"HONGKONG XIANGYU INVESTMENT CO., LIMITED",厦门象屿,厦门象屿集团有限公司,12/1/2026,Existing
1062,"CHINA MINSHENG BANKING CORP., LTD., HONG KONG BRANCH",民生银行,中国民生银行股份有限公司,8/8/2025,Existing
1061,"HUBEI HUANCHUAN STATE OWNED CAPITAL INVESTMENT AND OPERATION GROUP CO., LTD.",湖北澴川国资,湖北澴川国有资本投资运营集团有限公司,16/12/2025,Existing
1060,"HEZE RAILWAY INVESTMENT AND DEVELOPMENT GROUP CO., LTD.",菏泽铁投,菏泽市铁路投资发展集团有限公司,5/12/2025,Existing
1059,"HONGKONG YUNLIN INTERNATIONAL CO., LIMITED",无锡能达热电,无锡能达热电有限公司,7/12/2025,Existing
1058,BOCOM LEASING MANAGEMENT HONG KONG COMPANY LIMITED,交银金租,交银金融租赁有限责任公司,8/12/2025,Existing
1057,"CHENGDU INLAND PORT HUB INVESTMENT & DEVELOPMENT (GROUP) CO., LTD.",成都陆港枢纽,成都陆港枢纽投资发展集团有限公司,24/11/2025,Existing
1056,"ROWEN INTERNATIONAL CO., LIMITED",威海文登蓝海,威海市文登区蓝海投资开发有限公司,31/10/2025,Existing
1055,ZHEJIANG KUNPENG (BVI) COMPANY LIMITED,杭州上城国资,杭州上城区国有资本运营集团有限公司,27/10/2025,Existing
1054,"CHANGSHA PILOT INVESTMENT HOLDINGS GROUP CO., LTD.",长沙先导,长沙先导投资控股集团有限公司,17/10/2025,Existing
1053,"TONGLU COUNTY STATE CAPITAL INVESTMENT AND MANAGEMENT HOLDING GROUP CO., LTD.",桐庐国投运营,桐庐县国有资本投资运营控股集团有限公司,10/10/2025,Existing
1052,"SHAOXING SHANGYU STATE-OWNED CAPITAL INVESTMENT AND OPERATION CO., LTD.",绍兴上虞国资,绍兴市上虞区国有资本投资运营有限公司,7/9/2025,Existing
1051,"ZOOMWE HONG KONG NEW ENERGY TECHNOLOGY CO., LIMITED",中伟股份,中伟新材料股份有限公司,15/8/2025,Existing
1050,"HAINING CITY DEVELOPMENT INVESTMENT GROUP., LTD",海宁城投,海宁市城市发展投资集团有限公司,11/8/2025,Existing
1049,"SHAOXING CITY KEQIAO DISTRICT CONSTRUCTION GROUP CO., LTD.",绍兴柯桥建设,绍兴市柯桥区建设集团有限公司,28/7/2025,Existing
1048,ZHEJIANG BOXIN (BVI) LIMITED,杭州上城城投,杭州上城区城市建设投资集团有限公司,25/7/2025,Existing
1047,"DALIAN DETA HOLDING CO., LTD.",大连德泰,大连德泰控股有限公司,14/7/2025,Existing
1046,"XINJIANG ZHONGTAI (GROUP) CO., LTD.",新疆中泰,新疆中泰(集团)有限责任公司,6/7/2025,Existing
1045,GUANGXI COMMUNICATIONS INVESTMENT GROUP CORPORATION LTD,广西交投,广西交通投资集团有限公司,5/7/2025,Existing
1044,HONGKONG INTERNATIONAL (QINGDAO) COMPANY LIMITED ,青岛城投,青岛城市建设投资(集团)有限责任公司,29/6/2025,Existing
1043,"CHONGQING NAN’AN URBAN CONSTRUCTION & DEVELOPMENT (GROUP) CO., LTD",重庆南岸城建,重庆市南岸区城市建设发展(集团)有限公司,31/5/2025,Existing
1042,SOAR WISE LIMITED,中航租赁,中航国际融资租赁有限公司,19/5/2025,Existing
1041,"INDUSTRIAL BANK CO., LTD, HONG KONG BRANCH",兴业银行,兴业银行股份有限公司,11/5/2025,Existing
1040,"CHENGDU AIRPORT XINGCHENG INVESTMENT GROUP CO., LTD",成都空港兴城,成都空港兴城投资集团有限公司,25/4/2025,Existing
1039,"NANYANG COMMERCIAL BANK, LIMITED",南商银行,南洋商业银行有限公司,22/4/2025,Existing
1038,"THE BANK OF EAST ASIA, LIMITED",东亚银行,东亚银行有限公司,13/4/2025,Existing
1037,CSCIF ASIA LIMITED,中信建投,中信建投证券股份有限公司,19/4/2026,Existing
1036,CHINA CITIC BANK INTERNATIONAL LIMITED,信银国际,中信银行(国际)有限公司,13/4/2025,Existing
1035,CSI MTN LIMITED,中信证券国际,中信证券国际有限公司,12/4/2025,Existing
1034,CHIYU BANKING CORP LTD,集友银行,集友银行有限公司,29/3/2025,Existing
1033,"GANSU PROVINCIAL HIGHWAY AVIATION TOURISM INVESTMENT GROUP CO., LTD.",甘肃公航旅,甘肃省公路航空旅游投资集团有限公司,24/3/2025,Existing
1032,"RUDONG COUNTY MINTAI URBAN AND RURAL CONSTRUCTION ENGINEERING CO., LTD",如东民泰,如东县民泰城乡建设工程有限公司,18/3/2025,Existing
1031,"BANK OF COMMUNICATIONS CO., LTD HONG KONG BRANCH",交通银行,交通银行股份有限公司,14/3/2025,Existing
1030,"ZHEJIANG TIANZIHU INDUSTRY INVESTMENT CO., LTD",浙江天子湖实业,浙江天子湖实业投资有限公司,8/3/2025,Existing
1029,BANK OF CHINA (HONG KONG) LIMITED,中银香港,中国银行(香港)有限公司,10/2/2025,Existing
1028,CHINA CINDA (2020) I MANAGEMENT LIMITED,信达香港,中国信达(香港)控股有限公司,24/1/2025,Existing
1027,HUAFA 2021 I CO LTD,珠海华发,珠海华发集团有限公司,10/8/2024,Existing
1026,GUANG TAO INVESTMENT LIMITED,华发股份,珠海华发实业股份有限公司,24/1/2025,Existing
1025,"HE NAN RAIWAY CONSTRUCTION AND INVESTMENT GROUP CO., LTD",河南铁投,河南省铁路建设投资集团有限公司,19/1/2025,Existing
1024,"QUZHOU COMMUNICATIONS INVESTMENT GROUP CO., LTD",衢州衢通发展,衢州市衢通发展集团有限公司,19/1/2025,Existing
1023,CHINA WATER AFFAIRS GROUP LIMITED,中国水务,中国水务集团有限公司,19/1/2025,Existing
1022,XIN YUE COMPANY LIMITED,广东交通,广东省交通集团有限公司,18/1/2025,Existing
1021,CCTHK2021 LTD,中国诚通,中国诚通控股集团有限公司,12/1/2025,Existing
1020,"JIANGSU RUIHAI INVESTMENT HOLDING GROUP CO., LTD",江苏瑞海,江苏瑞海投资控股集团有限公司,12/1/2025,Existing
1019,"JIANGSU DIESHIQIAO HOME TEXTILE INDUSTRY GROUP CO., LTD",江苏叠石桥家纺,江苏叠石桥家纺产业集团有限公司,11/1/2025,Existing
1018,"HUZHOU NEW CITY INVESTMENT DEVELOPMENT GROUP CO., LTD.",湖州新投,湖州新型城市投资发展集团有限公司,23/12/2024,Existing
1017,CEBI SPLENDID LIMITED,光银国际,光银国际投资有限公司,8/12/2024,Existing
1016,"HAFOO CO., LTD",东方财富,东方财富信息股份有限公司,24/11/2024,Existing
1015b,CHINA GREAT WALL INTERNATIONAL HOLDINGS VI LIMITED,长城国际,中国长城资产(国际)控股有限公司,21/4/2025,Existing
1015a,CHINA GREAT WALL INTERNATIONAL HOLDINGS V LIMITED,长城国际,中国长城资产(国际)控股有限公司,16/11/2024,Existing
1014,"ZHENGZHOU METRO GROUP CO., LTD.",郑州地铁,郑州地铁集团有限公司,9/11/2024,Existing
1013,CNCBINV1 (BVI) LIMITED,信银资本,信银(香港)投资有限公司,9/11/2024,Existing
1012,"CHINA BOHAI BANK CO., LTD., HONG KONG BRANCH",渤海银行,渤海银行股份有限公司,3/11/2024,Existing
1011b,JINAN CITY CONSTRUCTION GROUP LIMITED COMPANY,济南城建,济南城市建设集团有限公司,6/6/2025,Existing
1011a,"JINAN URBAN CONSTRUCTION INTERNATIONAL INVESTMENT CO., LIMITED",济南城建,济南城市建设集团有限公司,3/11/2024,Existing
1010b,SPIC PREFERRED COMPANY NO.2 LTD.,国家电投,国家电力投资集团有限公司,2/12/2024,Existing
1010a,SPIC PREFERRED COMPANY NO.1 LTD.,国家电投,国家电力投资集团有限公司,2/11/2024,Existing
1009,XI YANG OVERSEAS LIMITED,南京扬子国投,南京扬子国资投资集团有限责任公司,27/10/2024,Existing
1008,"CHINA CINDA ASSET MANAGEMENT CO., LTD.",中国信达资管,中国信达资产管理股份有限公司,27/10/2024,Existing
1007,"HUZHOU CITY INVESTMENT DEVELOPMENT GROUP CO., LTD.",湖州城投,湖州市城市投资发展集团有限公司,21/10/2024,Existing
1006,MEGA WISDOM GLOBAL LIMITED,远洋资本,远洋资本控股有限公司,20/10/2024,Existing
1005,"CHENGDU HI-TECH INVESTMENT GROUP CO., LTD.",成都高新,成都高新投资集团有限公司,19/10/2024,Existing
1004,"JIANGNING JINGKAI OVERSEAS INVESTMENT CO., LTD.",南京江宁经开,南京江宁经济技术开发集团有限公司,13/10/2024,Existing
1003,STATE ELITE GLOBAL LIMITED,建银国际,建银国际(控股)有限公司,23/9/2024,Existing
1002,"WEIFANG URBAN CONSTRUCTION AND DEVELOPMENT INVESTMENT GROUP CO., LTD.",潍坊城建,潍坊市城市建设发展投资集团有限公司,17/9/2024,Existing
1001,"BEIJING ENVIRONMENT (BVI) INTERNATIONAL CO., LTD",北京环卫,北京环境卫生工程集团有限公司,16/9/2024,Existing
0073【Quanxin】,QUAN CHENG FINANCIAL HOLDINGS BVI LTD,济南金控,济南金融控股集团有限公司,,需QRC确认Existing
0072【Lily】,AGILE GROUP HOLDINGS LTD,雅居乐,雅居乐集团控股有限公司,,需QRC确认Existing
0071【Gold Bullion VIII】,INVENTIVE GLOBAL INVESTMENTS LTD,农银国际,农银国际控股有限公司,,需QRC确认Existing
0070【Palladium】,SDG FINANCE LTD,山东黄金,山东黄金集团有限公司,,需QRC确认Existing
0069【Cypress III】,ANHUI TRANSPORTATION HOLDING GROUP HK LTD,安徽交控,安徽省交通控股集团有限公司,,需QRC确认Existing
0068【Brilliant XI】,BAIDU INC,百度集团,百度集团股份有限公司,,需QRC确认Existing
0067【Central】,CENTRAL INTERNATIONAL DEVELOPMENT BVI LTD,河南投资,河南投资集团有限公司,,需QRC确认Existing
0066【Genesis III】,SHAOXING CITY INVESTMENT GROUP LTD,绍兴城投,绍兴市城市建设投资集团有限公司,,需QRC确认Existing
0065【Phoenix II】,YIELDKING INVESTMENT LTD,四川发展,四川发展(控股)有限责任公司,,需QRC确认Existing
0064【Goldrush】,GEMDALE EVER PROSPERITY INVESTMENT LTD,金地集团,金地(集团)股份有限公司,,需QRC确认Existing
0063【Qianjiang III】,ZHEJIANG BARON BVI CO LTD,杭州上城城建综合,杭州上城区城市建设综合开发有限公司,,需QRC确认Existing
0062【Aero V】,XI'AN AEROSPACE HIGH-TECH INDUSTRY DEVELOPMENT GROUP CO LTD,西安航天高技术,西安航天高技术产业发展集团有限公司,,需QRC确认Existing
0061【Soar V】,SOAR WISE LTD,中航租赁,中航国际融资租赁有限公司,,需QRC确认Existing
0060【Taishan VIII】,SHANDONG IRON AND STEEL XINHENG INTERNATIONAL CO LTD,山东钢铁,山东钢铁集团有限公司,,需QRC确认Existing
0059【Canal】,CHINA CITIC BANK INTERNATIONAL LTD,信银国际,中信银行(国际)有限公司,,需QRC确认Existing
0058【Journey II Tap】,HOPSON DEVELOPMENT HOLDINGS LTD,合生创展,合生创展集团有限公司,,需QRC确认Existing
0057【Cullinan】,JIAYUAN INTERNATIONAL GROUP LTD,佳源国际,佳源国际控股有限公司,,需QRC确认Existing
0056【Yaowang】,SHUN XIN INTERNATIONAL DEVELOPMENT CO LTD,余姚舜财投控,余姚市舜财投资控股有限公司,,需QRC确认Existing
0055【Excellence】,BRIGHT GALAXY INTERNATIONAL LTD,北京首都开发,北京首都开发控股(集团)有限公司,,需QRC确认Existing
0054【1215】,SHENWAN HONGYUAN INTERNATIONAL FINANCE LTD,申万宏源,申万宏源证券有限公司,,需QRC确认Existing
0053【Earth】,XIAOMI BEST TIME INTERNATIONAL LTD,小米集团,小米集团,,需QRC确认Existing
0052【Silkroad】,FUJIAN INVESTMENT DEVELOPMENT GROUP CO LTD,福建省投,福建省投资开发集团有限责任公司,,需QRC确认Existing
0051【Dandelion VI】,SHANGHAI PUDONG DEVELOPMENT BANK CO LTD/HONG KONG,浦发银行,上海浦东发展银行股份有限公司,,需QRC确认Existing
0050【G】,BANK OF CHINA HONG KONG LTD,中银香港,中国银行(香港)有限公司,,需QRC确认Existing
0049【Happy Living】,KUNMING PUBLIC RENTAL HOUSING DEVELOPMENT CONSTRUCTION MANAGEMENT CO LTD,昆明安居,昆明市公共租赁住房开发建设管理有限公司,,需QRC确认Existing
0048【Lightfoot】,BANK OF COMMUNICATIONS HONG KONG LTD,交银香港,交通银行(香港)有限公司,,需QRC确认Existing
0047【Sincere III】,ZHONGYUAN ZHICHENG CO LTD,中原豫资,中原豫资投资控股集团有限公司,,需QRC确认Existing
0046【Fuchun】,HANGZHOU FUYANG CHENGTOU GROUP HK LTD,杭州富阳城投,杭州富阳城市建设投资集团有限公司,,需QRC确认Existing
0045【OX】,BOCOM INTERNATIONAL BLOSSOM LTD,交银国际,交银国际控股有限公司,,需QRC确认Existing
0044【BMHK 2021】,BOCOM LEASING MANAGEMENT HONG KONG CO LTD,交银金租,交银金融租赁有限责任公司,,需QRC确认Existing
0043【Lotus II】,CHINA EVERBRIGHT BANK CO LTD/HONG KONG,光大银行,中国光大银行股份有限公司,,需QRC确认Existing
0042【Rose Bay V】,SHINSUN HOLDINGS GROUP CO LTD,祥生控股,祥生控股(集团)有限公司,,需QRC确认Existing
0041【Ingenuity V】,HAIMEN ZHONGNAN INVESTMENT DEVELOPMENT INTERNATIONAL CO LTD,江苏中南建设,江苏中南建设集团股份有限公司,,需QRC确认Existing
0040【Hing 2021】,INDUSTRIAL BANK CO LTD/HONG KONG,兴业银行,兴业银行股份有限公司,,需QRC确认Existing
0039【CX II】,CSCIF ASIA LTD,中信建投,中信建投证券股份有限公司,,需QRC确认Existing
0038【Bridge IV】,QINGDAO JIAOZHOU BAY DEVELOPMENT GROUP CO LTD,青岛胶州湾,青岛胶州湾发展集团有限公司,,需QRC确认Existing
0037【Uranus】,YANGO JUSTICE INTERNATIONAL LTD,阳光城集团,阳光城集团股份有限公司,,需QRC确认Existing
0036【Truimph】,GREENLAND HONG KONG HOLDINGS LTD,绿地香港,绿地香港控股有限公司,,需QRC确认Existing
0035【Champion】,TIMES CHINA HOLDINGS LTD,时代中国控股,时代中国控股有限公司,,需QRC确认Existing
0034【Caijin】,SFG INTERNATIONAL HOLDINGS CO LTD,山东财金,山东省财金投资集团有限公司,,需QRC确认Existing
0033【Lushan】,JIUJIANG MUNICIPAL DEVELOPMENT GROUP CO LTD,九江城发,九江市城市发展集团有限公司,,需QRC确认Existing
0032【Republic】,GUOREN PROPERTY & CASUALTY INSURANCE CO LTD,国任财险,国任财产保险股份有限公司,,需QRC确认Existing
0031【Fact】,COASTAL EMERALD LTD,山东高速,山东高速集团有限公司,,需QRC确认Existing
0030【Hean】,CRCC HEAN LTD,中国铁建,中国铁建股份有限公司,,需QRC确认Existing
0029【Surf】,CHINA WATER AFFAIRS GROUP LTD,中国水务,中国水务集团有限公司,,需QRC确认Existing
0028【Value】,CIFI HOLDINGS GROUP CO LTD,旭辉控股,旭辉控股(集团)有限公司,,需QRC确认Existing
0027【Rocket】,ZHONGLIANG HOLDINGS GROUP CO LTD,中梁控股,中梁控股集团有限公司,,需QRC确认Existing
0026【Plum Blossom】,ENN CLEAN ENERGY INTERNATIONAL INVESTMENT LTD,新奥股份,新奥天然气股份有限公司,,需QRC确认Existing
0025【Lodestone】,WANDA PROPERTIES OVERSEAS LTD,万达商管,大连万达商业管理集团股份有限公司,,需QRC确认Existing
0024【Horizon】,HYD INTERNATIONAL HOLDING LTD,中航汽车系统,中国航空汽车系统控股有限公司,,需QRC确认Existing
0023【Ox】,CHANG DEVELOPMENT INTERNATIONAL LTD,长发集团,长春市城市发展投资控股(集团)有限公司,,需QRC确认Existing
0022【Tianxing V】,JINGRUI HOLDINGS LTD,景瑞控股,景瑞控股有限公司,,需QRC确认Existing
0021【Salmon】,TENCENT HOLDINGS LTD,腾讯控股,腾讯控股有限公司,,需QRC确认Existing
0020【Mercury X】,POWERCHINA ROADBRIDGE GROUP BRITISH VIRGIN ISLANDS LTD,中国电建,中国电力建设集团有限公司,,需QRC确认Existing
0019【Great Bay】,SCI HK DEVELOPMENT LTD,广州科学城,科学城(广州)投资集团有限公司,,需QRC确认Existing
0018【Sailing】,SHAANXI FINANCIAL ASSETS MANAGEMENT CO LTD,陕西金资,陕西金融资产管理股份有限公司,,需QRC确认Existing
0017【Landmark 2020】,LANDMARK FUNDING 2020 LTD,民生金租,民生金融租赁股份有限公司,,需QRC确认Existing
0016【Peninsula III】,HUATONG INTERNATIONAL INVESTMENT HOLDINGS CO LTD,青岛华通,青岛华通国有资本投资运营集团有限公司,,需QRC确认Existing
0015【GT3】,GUANG TAO INVESTMENT LTD,华发股份,珠海华发实业股份有限公司,,需QRC确认Existing
0014【Sapphire】,JINCHUAN GOLDEN OCEAN CAPITAL LTD,金川集团,金川集团股份有限公司,,需QRC确认Existing
0013【Landmark IV】,SOUTHWEST SECURITIES INTERNATIONAL SECURITIES LTD,西南证券,西南证券股份有限公司,,需QRC确认Existing
0012【Blue Sparkle】,BLUE BRIGHT LTD,中航产融,中航工业产融控股股份有限公司,,需QRC确认Existing
0011【Jasmine II】,CHINA INDUSTRIAL SECURITIES INTERNATIONAL FINANCIAL GROUP LTD,兴业证券,兴业证券股份有限公司,,需QRC确认Existing
0010【Union Plaza】,CHINA OVERSEAS GRAND OCEANS FINANCE IV CAYMAN LTD,中海外宏洋,中国海外宏洋集团有限公司,,需QRC确认Existing
0009【Bridge Tap】,HOPSON CAPITAL INTERNATIONAL GROUP CO LTD,合生创展,合生创展集团有限公司,,需QRC确认Existing
0008【Hailken】,HAINAN STATE FARMS INTERNATIONAL HK CO LTD,海南农垦,海南省农垦投资控股集团有限公司,,需QRC确认Existing
0007【Grand Lake】,YUEXIU REIT MTN CO LTD,越秀房托,越秀房地产投资信托基金,,需QRC确认Existing
0006【Reunion II Tap】,MODERN LAND CHINA CO LTD,当代置业,当代置业(中国)有限公司,,需QRC确认Existing
0005【Compass】,HANHUI INTERNATIONAL LTD,山东国惠,山东国惠投资控股集团有限公司,,需QRC确认Existing
0004【Orient City】,ENRONG INTERNATIONAL HONGKONG LTD,常州东方新城建设,常州东方新城建设集团有限公司,,需QRC确认Existing
0003【Xihe】,RONGXINGDA DEVELOPMENT BVI LTD,荣盛发展,荣盛房地产发展股份有限公司,,需QRC确认Existing
0002【Horizon III Tap】,DEXIN CHINA HOLDINGS CO LTD,德信中国,德信中国控股有限公司,,需QRC确认Existing
0001【Shunze VII】,HEJUN SHUNZE INVESTMENT CO LTD,蓝光发展,四川蓝光发展股份有限公司,,需QRC确认Existing
0006【Reunion II Tap】,MODERN LAND CHINA CO LTD,当代置业,当代置业(中国)有限公司,,需QRC确认Existing
0005【Compass】,HANHUI INTERNATIONAL LTD,山东国惠,山东国惠投资控股集团有限公司,,需QRC确认Existing
0004【Orient City】,ENRONG INTERNATIONAL HONGKONG LTD,常州东方新城建设,常州东方新城建设集团有限公司,,需QRC确认Existing
0003【Xihe】,RONGXINGDA DEVELOPMENT BVI LTD,荣盛发展,荣盛房地产发展股份有限公司,,需QRC确认Existing
0002【Horizon III Tap】,DEXIN CHINA HOLDINGS CO LTD,德信中国,德信中国控股有限公司,,需QRC确认Existing
0001【Shunze VII】,HEJUN SHUNZE INVESTMENT CO LTD,蓝光发展,四川蓝光发展股份有限公司,,需QRC确认Existing
